"","ADA","LTC","FIL","EOS"
"2020_maxSR_more4_ROI",0,0,6.14583690883297e-08,0.999999938541631
