"","ADA","LTC","BTCH","ETC","XRM","MANA","ZEC","WAVES"
"2021_maxSR_more8_ROI",0.337086198455905,0.360266688901893,0,2.33898364227342e-17,0.302647112642202,0,8.44699288366024e-17,0
