"","BTC","ETH","BNB","XRP","ADA","DOGE","TRX","LTC","BTCH","LINK","XLM","ETC","XRM","FIL","MANA","EOS","KCS","ZEC","WAVES"
"2021_maxSR_index_ROI",0.590493926352545,1.83789415143846e-17,5.03834360223211e-24,0,0,0,0,0,0,0.361398589516346,9.64680476789677e-17,0,3.8466997416824e-17,0.0481074841311104,0,0,0,4.21340825322313e-16,2.55758295292873e-19
