"","BTC","XRP","DOGE","FIL"
"2021_maxSR_less4_ROI",0.949345761802573,0,0,0.0506542381974272
