"","ETH","BNB","TRX","BTCH","LINK","ETC","XRM","ZEC"
"2022_maxSR_more8_ROI",0.643023236784761,0.356976763215239,0,4.25863536297146e-16,0,0,2.46069107963073e-16,3.06472146494459e-17
