"","BNB","ETC","XRM","ZEC"
"2022_maxSR_more4_ROI",0.999999939666514,6.03334863546046e-08,6.17304561026015e-17,0
