"","BTC","ETH","BNB","XRP","ADA","DOGE","TRX","LTC","BTCH","LINK","XLM","ETC","XRM","FIL","MANA","EOS","KCS","ZEC","WAVES"
"2022_maxSR_index_ROI",5.52531744795898e-16,0.233517691657122,0.176818156685807,0,0.193276868481642,0.151728034674001,0,0,0,8.40632475431135e-17,7.00977458778831e-18,1.51900324255018e-16,0,0.00604313740130352,0.188515240326063,0,0.0501008707740621,0,0
