"","BTC","BNB","TRX","KCS"
"2020_maxSR_less4_ROI",1.13717697480809e-08,0.99999998862823,0,5.51312651843701e-17
