"","BTC","ETH","BNB","XRP","ADA","DOGE","TRX","LTC","BTCH","LINK","XLM","ETC","XRM","FIL","MANA","EOS","KCS","ZEC","WAVES"
"2020_maxSR_index_ROI",0,2.61554046269033e-16,0.184306516010148,0,0,0,1.20927463002283e-17,0,2.37067060980517e-16,0.815693483989853,0,0,0,0,3.55051091632676e-18,4.83548432374927e-16,1.25624489605492e-17,0,0
