"","BTC","BNB","XRP","DOGE","TRX","LINK","ETC","KCS"
"2020_maxSR_less8_ROI",0,0.184306515360828,0,4.51645874253632e-17,0,0.815693484639172,1.52304906437019e-16,1.07951960550764e-16
