"","ETH","ADA","LTC","BTCH","FIL","EOS","ZEC","WAVES"
"2020_maxSR_more8_ROI",0,0,0,0,6.14583683528069e-08,0.999999938541632,3.78541106604752e-19,6.20955142425034e-17
