"","BTC","XRP","DOGE","TRX","LINK","XLM","FIL","KCS"
"2021_maxSR_less8_ROI",0.590493926628189,0,3.79447571079625e-24,0,0.361398589242951,1.6604388071787e-16,0.0481074841288607,0
