"","ADA","ETC","MANA","ZEC"
"2021_maxSR_more4_ROI",0.999999956484287,0,4.35157134955799e-08,0
