"","XRP","DOGE","MANA","WAVES"
"2022_maxSR_less4_ROI",0,0.315063274859229,0.483397626129379,0.201539099011392
